iteration,max_iter,r-residual,s_residual,rho,mze,mae,time
0,19,,,10,0.024880383163690567,0.045933015644550323,176.540303
