iteration,max_iter,r-residual,s_residual,rho,mze,mae,time
0,19,,,10,0.0460079051554203,0.08758893609046936,235.04961
