iteration,max_iter,r-residual,s_residual,rho,mze,mae,time
0,19,,,10,0.027070706710219383,0.0470707081258297,185.0157759
