iteration,max_iter,r-residual,s_residual,rho,mze,mae,time
0,19,,,10,0.08749999850988388,0.16602273285388947,314.3496706
